{
	"system" : {
		"platform" : "windows64",
		"os_name" : "Windows 10",
		"os_version" : "10.0"
	},
	"error" : {
		"executable" : "quartus",
		"comment" : "not_applicable",
		"error_message" : "Access Violation at 0X0000000063DB85F4",
		"source_file" : "unknown",
		"line" : "0",
		"stack_trace" : "\t 0x63db85f3: QtCore4 + 0xf85f3 (?parent@QObject@@QEBAPEAV1@XZ + 0x3)\n\t 0x6339256e: QtGui4 + 0x7256e (?window@QWidget@@QEBAPEAV1@XZ + 0xe)\n\t 0x633b6a41: QtGui4 + 0x96a41 (?mapFromGlobal@QWidget@@QEBA?AVQPoint@@AEBV2@@Z + 0x21)\n\t0x7ffbda5a5fcb: GCL_AFCQ + 0xc5fcb (?drag_scroll_timer@AFCQ_RECT_DRAG_TRACKER_CALLBACK@@AEAAXXZ + 0x2b)\n\t 0x63ddc420: QtCore4 + 0x11c420 (?activate@QMetaObject@@SAXPEAVQObject@@PEBU1@HPEAPEAX@Z + 0x520)\n\t 0x63ddf979: QtCore4 + 0x11f979 (?event@QObject@@UEAA_NPEAVQEvent@@@Z + 0x69)\n\t 0x63342e95: QtGui4 + 0x22e95 (?notify_helper@QApplicationPrivate@@QEAA_NPEAVQObject@@PEAVQEvent@@@Z + 0xf5)\n\t 0x63342b2f: QtGui4 + 0x22b2f (?notify@QApplication@@UEAA_NPEAVQObject@@PEAVQEvent@@@Z + 0x17bf)\n\t 0x63dcd92b: QtCore4 + 0x10d92b (?notifyInternal@QCoreApplication@@AEAA_NPEAVQObject@@PEAVQEvent@@@Z + 0x7b)\n\t 0x63df3b5d: QtCore4 + 0x133b5d (?registeredTimers@QEventDispatcherWin32@@UEBA?AV?$QList@U?$QPair@HH@@@@PEAVQObject@@@Z + 0x59d)\n\t 0x63df2f7f: QtCore4 + 0x132f7f (?processEvents@QEventDispatcherWin32@@UEAA_NV?$QFlags@W4ProcessEventsFlag@QEventLoop@@@@@Z + 0xb5f)\n\t0x7ffc4e42ef5b: USER32 + 0xef5b (CallWindowProcW + 0x60b)\n\t0x7ffc4e42e683: USER32 + 0xe683 (DispatchMessageW + 0x4a3)\n\t 0x63df2802: QtCore4 + 0x132802 (?processEvents@QEventDispatcherWin32@@UEAA_NV?$QFlags@W4ProcessEventsFlag@QEventLoop@@@@@Z + 0x3e2)\n\t 0x633a0eb4: QtGui4 + 0x80eb4 (?openPopup@QApplicationPrivate@@QEAAXPEAVQWidget@@@Z + 0x204)\n\t 0x63dca88b: QtCore4 + 0x10a88b (?exec@QEventLoop@@QEAAHV?$QFlags@W4ProcessEventsFlag@QEventLoop@@@@@Z + 0x22b)\n\t0x7ffbda505f2d: GCL_AFCQ + 0x25f2d (?track@AFCQ_DRAG_TRACKER@@SAXPEAVQWidget@@AEBVQPoint@@PEAVAFCQ_DRAG_TRACKER_CALLBACK@@N@Z + 0xad)\n\t0x7ffbda50609a: GCL_AFCQ + 0x2609a (?track_rect@AFCQ_DRAG_TRACKER@@SA?AVQRect@@PEAVQWidget@@AEBVQPoint@@PEAVQScrollArea@@N@Z + 0x4a)\n\t0x7ffbd7595ea0: prj_pplq + 0x75ea0 (?do_marquee_selection@PPLQ_VIEW_BASE@@IEAA_NAEBVQPoint@@_N1@Z + 0xc0)\n\t0x7ffbd75987b4: prj_pplq + 0x787b4 (?do_select@PPLQ_VIEW_BASE@@IEAAXV?$QFlags@W4KeyboardModifier@Qt@@@@W4MouseButton@Qt@@VQPoint@@@Z + 0x1f4)\n\t0x7ffbd75f34c3: prj_pplq + 0xd34c3 (?mousePressEvent@PPLQ_VIEW_BASE@@MEAAXPEAVQMouseEvent@@@Z + 0x143)\n\t 0x63380780: QtGui4 + 0x60780 (?event@QWidget@@MEAA_NPEAVQEvent@@@Z + 0xc0)\n\t0x7ffbd75a9378: prj_pplq + 0x89378 (?event@PPLQ_VIEW_BASE@@MEAA_NPEAVQEvent@@@Z + 0x98)\n\t 0x63342e95: QtGui4 + 0x22e95 (?notify_helper@QApplicationPrivate@@QEAA_NPEAVQObject@@PEAVQEvent@@@Z + 0xf5)\n\t 0x63341a8e: QtGui4 + 0x21a8e (?notify@QApplication@@UEAA_NPEAVQObject@@PEAVQEvent@@@Z + 0x71e)\n\t 0x63dcd92b: QtCore4 + 0x10d92b (?notifyInternal@QCoreApplication@@AEAA_NPEAVQObject@@PEAVQEvent@@@Z + 0x7b)\n\t 0x63345cfe: QtGui4 + 0x25cfe (?sendMouseEvent@QApplicationPrivate@@SA_NPEAVQWidget@@PEAVQMouseEvent@@00PEAPEAV2@AEAV?$QPointer@VQWidget@@@@_N@Z + 0x1de)\n\t 0x633a56f0: QtGui4 + 0x856f0 (?trUtf8@QScrollBar@@SA?AVQString@@PEBD0H@Z + 0x1440)\n\t 0x633a90b1: QtGui4 + 0x890b1 (?winMouseButtonUp@QApplication@@SAXXZ + 0x2761)\n\t0x7ffc4e42ef5b: USER32 + 0xef5b (CallWindowProcW + 0x60b)\n\t0x7ffc4e42e683: USER32 + 0xe683 (DispatchMessageW + 0x4a3)\n\t 0x63df2802: QtCore4 + 0x132802 (?processEvents@QEventDispatcherWin32@@UEAA_NV?$QFlags@W4ProcessEventsFlag@QEventLoop@@@@@Z + 0x3e2)\n\t 0x633a0eb4: QtGui4 + 0x80eb4 (?openPopup@QApplicationPrivate@@QEAAXPEAVQWidget@@@Z + 0x204)\n\t 0x63dca88b: QtCore4 + 0x10a88b (?exec@QEventLoop@@QEAAHV?$QFlags@W4ProcessEventsFlag@QEventLoop@@@@@Z + 0x22b)\n\t 0x63dcce6f: QtCore4 + 0x10ce6f (?exec@QCoreApplication@@SAHXZ + 0xdf)\n\t0x7ff71e3b197b: quartus + 0x197b (?qgq_main@@YAHHPEAPEBD@Z + 0x7b)\n\t0x7ffc12702e98: CCL_MSG + 0x12e98 (?msg_main_thread@@YAPEAXPEAX@Z + 0x18)\n\t0x7ffc1270467e: CCL_MSG + 0x1467e (?msg_thread_wrapper@@YAPEAXP6APEAXPEAX@Z0@Z + 0x6e)\n\t0x7ffc42786660: ccl_mem + 0x16660 (?mem_thread_wrapper@@YAPEAXP6APEAXPEAX@Z0@Z + 0x70)\n\t0x7ffc12702761: CCL_MSG + 0x12761 (?msg_exe_main@@YAHHPEAPEBDP6AHH0@Z@Z + 0xa1)\n\t0x7ff71e3b24e7: quartus + 0x24e7 (WinMain + 0x127)\n\t0x7ff71e3b1e58: quartus + 0x1e58 (__tmainCRTStartup + 0x148)\n\t0x7ffc4cca7373: KERNEL32 + 0x17373 (BaseThreadInitThunk + 0x13)\n\t0x7ffc4e6dcc90: ntdll + 0x4cc90 (RtlUserThreadStart + 0x20)\n",
		"subsystem" : "unknown"
	},
	"quartus" : {
		"quartus_bits" : "64",
		"version" : "18.1.0",
		"build" : "625",
		"edition" : "Lite Edition"
	}
}